version,query,location,paginationPayload,dupefilter,highlight,totalResults,start,end,pageNumber,results__jobtitle,results__company,results__city,results__state,results__country,results__formattedLocation,results__source,results__date,results__snippet,results__url,results__onmousedown,results__latitude,results__longitude,results__jobkey,results__sponsored,results__expired,results__indeedApply,results__formattedLocationFull,results__formattedRelativeTime,results__stations,Label
,,,,,,,,,,Software Developer (DataGrip),JetBrains,???????????,NVS,RU,???????????,JetBrains,"Sat, 11 Mar 2017 10:10:19 GMT","??????????? ? ??????? 2015 ?? ????????? ?????? ?????? ????? ?????????? ??? ??? ?????? ? ????????. ?????? ???????????, ? ??? ????? ???????????. ?????????,",http://ru.indeed.com/viewjob?jk=a1576ac6f1169bdc&qd=jRrx0GSHYhMzrHWTCmIiwZKLKDVtVJCBI7BNmKYKCxjxOPGKDYFiCVn1klEslxaUYueN-NeCEj-mrXhLq4rAYGuemS7qMtaKLcZS1801WAg40X9RqMmoWy146cYiCabl&indpubnum=898747077392090&atk=1bb5c56no1frq6m2,"indeed_clk(this,'5702');",55.03846,82.92308,a1576ac6f1169bdc,False,False,False,???????????,2 ??? ?????,,Information Technology
,,,,,,,,,,Software Developer - Singapore Citizens Only,Avatier,Singapore,S00,SG,Singapore,Avatier,"Tue, 21 Feb 2017 07:36:54 GMT",We are seeking highly motivated <b>Software</b> Developers to join our rapidly expanding team in Singapore. Avatier Singapore Pte Ltd sells Avatier's products and...,http://www.indeed.com.sg/viewjob?jk=89d7cacd5475aeb6&qd=jRrx0GSHYhMzrHWTCmIiwZKLKDVtVJCBI7BNmKYKCxjxOPGKDYFiCVn1klEslxaUAO6NPLzwvJC1-7omEyVnVSJ8VqdyAZvYZP4xD9_ReIckt0LCVy_rQinuMfW47e_m&indpubnum=898747077392090&atk=1bb5cefdi1fqr2kk,"indeed_clk(this,'9505');",1.288462,103.84615,89d7cacd5475aeb6,False,False,True,Singapore,20 days ago,,Information Technology
,,,,,,,,,,Accounts Job for BCOM & BBA Freshers (2015 & 2016 Passouts) - Chennai,Magna Infotech,Chennai,TN,IN,"Chennai, Tamil Nadu",Magna Infotech,"Sat, 28 Jan 2017 10:58:23 GMT",Only Account Graduates BCOM & BBA only (2015 & 2016 pass outs Only) Good communication/Good accounts Knowledge Flexible to work in Night Shift 2 way cab,http://www.indeed.co.in/viewjob?jk=499fa001d22e9395&qd=jRrx0GSHYhMzrHWTCmIiwYbz8xJs_3bSV420FAneb-LNZqGiAb9NkkIitZyZAD9iABMfxx1pnzhym1Td8PwIRd4RE-rrFa4o1astO76JbQo&indpubnum=898747077392090&atk=1bb5d6ape1d5f471,"indeed_clk(this,'1197');",13.085165,80.27473,499fa001d22e9395,False,False,False,"Chennai, Tamil Nadu",30+ days ago,,Marketing
2.0,"""Software Developer""",,,1.0,1.0,226.0,26.0,50.0,1.0,Software Developer/ Programmer in Singapore (89471),GECO Asia Pte Ltd,,,SG,Singapore,Indeed,"Tue, 14 Feb 2017 08:45:56 GMT","Senior <b>Software</b> <b>Developer</b>:. Special / <b>Software</b> <b>Developer</b>/ Programmer in Singapore. One of our clients is looking for a <b>Software</b> <b>Developer</b>/ Programmer, who is...",http://www.indeed.com.sg/viewjob?jk=c8e94e50032018ab&qd=jRrx0GSHYhMzrHWTCmIiwZKLKDVtVJCBI7BNmKYKCxjxOPGKDYFiCVn1klEslxaUAO6NPLzwvJC1-7omEyVnVVrv3FB1t_tkaDEsZzvL7nkkt0LCVy_rQinuMfW47e_m&indpubnum=898747077392090&atk=1bb5ceg2r1fls0h9,"indeed_clk(this,'186');",,,c8e94e50032018ab,False,False,True,Singapore,27 days ago,,Information Technology
,,,,,,,,,,Application Developer - Java in Singapore (89488),GECO Asia Pte Ltd,,,SG,Singapore,Indeed,"Tue, 28 Feb 2017 05:56:45 GMT",Curam <b>software</b> <b>developer</b> can range from 1 to 5 years experience in implementation and product development. Special / Application <b>Developer</b> - Java in Singapore....,http://www.indeed.com.sg/viewjob?jk=1d9ee4031411f24f&qd=jRrx0GSHYhMzrHWTCmIiwZKLKDVtVJCBI7BNmKYKCxjxOPGKDYFiCVn1klEslxaUAO6NPLzwvJC1-7omEyVnVSJ8VqdyAZvYZP4xD9_ReIckt0LCVy_rQinuMfW47e_m&indpubnum=898747077392090&atk=1bb5cefdi1fqr2kk,"indeed_clk(this,'9505');",,,1d9ee4031411f24f,False,False,True,Singapore,13 days ago,,Information Technology
,,,,,,,,,,Application Developer - Java in Singapore (89488),,Singapore,S00,SG,Singapore,Jobs Bank,"Tue, 28 Feb 2017 07:01:21 GMT",Curam <b>software</b> <b>developer</b> can range from 1 to 5 years experience in implementation and product development. Special / Application <b>Developer</b> - Java in Singapore....,http://www.indeed.com.sg/viewjob?jk=61085d1d255be256&qd=jRrx0GSHYhMzrHWTCmIiwZKLKDVtVJCBI7BNmKYKCxjxOPGKDYFiCVn1klEslxaUAO6NPLzwvJC1-7omEyVnVVrv3FB1t_tkaDEsZzvL7nkkt0LCVy_rQinuMfW47e_m&indpubnum=898747077392090&atk=1bb5cegnd1frc2dg,"indeed_clk(this,'844');",1.288462,103.84615,61085d1d255be256,False,False,True,Singapore,13 days ago,,Information Technology
,,,,,,,,,,Application Developer - .Net Developer in Singapore (89437),GECO Asia Pte Ltd,,,SG,Singapore,Indeed,"Mon, 23 Jan 2017 08:36:58 GMT",Senior <b>Software</b> <b>Developer</b>:. Special / Application <b>Developer</b> - .Net <b>Developer</b> in Singapore. One of our clients is looking for a Application <b>Developer</b> - .Net...,http://www.indeed.com.sg/viewjob?jk=1a8d4ae5baccb236&qd=jRrx0GSHYhMzrHWTCmIiwZKLKDVtVJCBI7BNmKYKCxjxOPGKDYFiCVn1klEslxaUAO6NPLzwvJC1-7omEyVnVVrv3FB1t_tkaDEsZzvL7nkkt0LCVy_rQinuMfW47e_m&indpubnum=898747077392090&atk=1bb5ceg2r1fls0h9,"indeed_clk(this,'186');",,,1a8d4ae5baccb236,False,False,True,Singapore,30+ days ago,,Information Technology
,,,,,,,,,,Software Developer/ Programmer in Singapore (89471),,People?s Park,S00,SG,People?s Park,Jobs Bank,"Tue, 14 Feb 2017 18:20:34 GMT","Special / <b>Software</b> <b>Developer</b>/ Programmer in Singapore. One of our clients is looking for a <b>Software</b> <b>Developer</b>/ Programmer, who is/are able to fulfill the...",http://www.indeed.com.sg/viewjob?jk=8af5b8fd292bc50c&qd=jRrx0GSHYhMzrHWTCmIiwZKLKDVtVJCBI7BNmKYKCxjxOPGKDYFiCVn1klEslxaUAO6NPLzwvJC1-7omEyVnVe8yNl7QShhNvYnthx37jkkkt0LCVy_rQinuMfW47e_m&indpubnum=898747077392090&atk=1bb5cei1qb04i8bd,"indeed_clk(this,'2201');",1.282967,103.84066,8af5b8fd292bc50c,False,False,True,People?s Park,27 days ago,,Information Technology
,,,,,,,,,,.NET Developer in Singapore (89342),GECO Asia Pte Ltd,,,SG,Singapore,Indeed,"Thu, 16 Feb 2017 09:57:29 GMT","Special / .NET <b>Developer</b> in Singapore. One of our clients is looking for a .NET <b>Developer</b>, who is/are able to fulfill the following requirements:....",http://www.indeed.com.sg/viewjob?jk=7cf28b06abd7d7fa&qd=jRrx0GSHYhMzrHWTCmIiwZKLKDVtVJCBI7BNmKYKCxjxOPGKDYFiCVn1klEslxaUAO6NPLzwvJC1-7omEyVnVSJ8VqdyAZvYZP4xD9_ReIckt0LCVy_rQinuMfW47e_m&indpubnum=898747077392090&atk=1bb5cefdi1fqr2kk,"indeed_clk(this,'9505');",,,7cf28b06abd7d7fa,False,False,True,Singapore,25 days ago,,Information Technology
,,,,,,,,,,Sr.java Developer for MITS @ Singapore,Millennium Technosoft,,,SG,Singapore,Millennium Technosoft,"Fri, 17 Feb 2017 18:30:15 GMT",IT-<b>Software</b> / <b>Software</b> Services. JAVA <b>Developer</b> position for our Client MITS (Hyderabad) to work in Singapore. 5 Experience in the Websites development and able...,http://www.indeed.com.sg/viewjob?jk=4769209b496a921c&qd=jRrx0GSHYhMzrHWTCmIiwZKLKDVtVJCBI7BNmKYKCxjxOPGKDYFiCVn1klEslxaUAO6NPLzwvJC1-7omEyVnVSJ8VqdyAZvYZP4xD9_ReIckt0LCVy_rQinuMfW47e_m&indpubnum=898747077392090&atk=1bb5cefdi1fqr2kk,"indeed_clk(this,'9505');",,,4769209b496a921c,False,False,False,Singapore,24 days ago,,Information Technology
,,,,,,,,,,Junior Lawyer Financial Markets | SINGAPORE,Taylor Root Global Legal Recruitment,Sydney,NSW,AU,Sydney NSW,Taylor Root Global Legal Recruitment,"Wed, 22 Feb 2017 03:01:45 GMT",We are currently recruiting for a Magic Circle firm in Singapore who are looking for a junior <b>lawyer</b> to join their Financial Markets team....,http://au.indeed.com/viewjob?jk=576fa298759c2e92&qd=jRrx0GSHYhMzrHWTCmIiweDgVAXsLSGHCIKr00zX_aivxOAzxA0V_gj2BEWDdNfMBRP7CidhB21GgmUCRhwHjBvGIW-3EgEm3dDvzOw_HqA&indpubnum=898747077392090&atk=1bb5dacee1d4u014,"indeed_clk(this,'3965');",-33.865383,151.2033,576fa298759c2e92,False,False,False,Sydney NSW,20 days ago,,Legal
,,,,,,,,,,Camp Caretaker ? Howe Sound,Boys and Girls Clubs of South Coast BC,Howe Sound,BC,CA,"Howe Sound, BC",Boys and Girls Clubs of South Coast BC,"Thu, 09 Mar 2017 02:17:53 GMT","3-5 years experience as a Custodian, <b>Janitor</b> or Groundskeeper preferred. Camp Caretaker START DATE:....",http://ca.indeed.com/viewjob?jk=a45737c4cd4e619b&qd=jRrx0GSHYhMzrHWTCmIiwWi9p4PuYPcWeKzyeEfnzKGQYL_BhMWFZMAImQxizBcePfyhyzntQyGpeTvGrMFobAlBE1hKeKzdYgCeJjhGf70&indpubnum=898747077392090&atk=1bb5duhig1fqq3ap,"indeed_clk(this,'4575');",49.414837,-123.38461000000001,a45737c4cd4e619b,False,False,True,"Howe Sound, BC",5 days ago,,Administrative
,,,,,,,,,,2017 Degree Apprentice Programme,Capgemini,,,GB,United Kingdom,Capgemini,"Fri, 17 Feb 2017 01:44:11 GMT",These include <b>Software</b> <b>Developer</b> and Technical Application Consultant. A thorough grounding in <b>software</b> engineering and consulting....,http://www.indeed.co.uk/viewjob?jk=72d59b2d092ba184&qd=jRrx0GSHYhMzrHWTCmIiwZKLKDVtVJCBI7BNmKYKCxjxOPGKDYFiCVn1klEslxaUH20xv_eoZfJYR0fe5DgkWc6aNrgPWbA4WYkkvmMyEIgep6I5-twM7jC8td-9rGTG&indpubnum=898747077392090&atk=1bb5c7r1i1frr6p6,"indeed_clk(this,'2033');",,,72d59b2d092ba184,False,False,False,United Kingdom,25 days ago,,Consulting
,,,,,,,,,,Software Developer,Sunlight Information Technology PT,Surabaya,JI,ID,Surabaya,Jobs.id,"Wed, 22 Feb 2017 00:17:19 GMT","Providing documentation of <b>software</b> implementation A bachelor degree in Information System, Computer Science or <b>Software</b> Engineering....",http://id.indeed.com/viewjob?jk=a0613f67ebb85ac7&qd=jRrx0GSHYhMzrHWTCmIiwZKLKDVtVJCBI7BNmKYKCxjxOPGKDYFiCVn1klEslxaUhCOjiEv3_0469Y7-DdxnJGCm1V4EdEirEkdntvrt9Kk40X9RqMmoWy146cYiCabl&indpubnum=898747077392090&atk=1bb5c4r4u1fls57n,"indeed_clk(this,'3837');",-7.288461999999999,112.73076999999999,a0613f67ebb85ac7,False,False,False,Surabaya,20 hari yang lalu,,Information Technology
,,,,,,,,,,Software Developer,Fusion Infinity HR Solutions Pvt Ltd,Hyderabad,AP,IN,"Hyderabad, Andhra Pradesh",iitjobs,"Fri, 17 Feb 2017 12:02:08 GMT","Bachelor's degree in Computer Science, <b>Software</b> Engineering, Information Systems (or related field of study). 6+ years experience in <b>software</b> development and 4+...",http://www.indeed.co.in/viewjob?jk=90fa24e416f53d02&qd=jRrx0GSHYhMzrHWTCmIiwZKLKDVtVJCBI7BNmKYKCxjxOPGKDYFiCVn1klEslxaUOoqKOZo0hDhgJ0IBga0L0vMYXzxkKrgfvtWvUHWAM_Eep6I5-twM7jC8td-9rGTG&indpubnum=898747077392090&atk=1bb5bs3ee1fbr1q6,"indeed_clk(this,'7421');",17.373627,78.47253,90fa24e416f53d02,False,False,False,"Hyderabad, Andhra Pradesh",24 days ago,,Information Technology
,,,,,,,,,,Director/ Partner Forensic Accounting - Australia,RGL Forensics,,,AU,Australia,RGL Forensics,"Sat, 11 Feb 2017 08:13:09 GMT",We were named 2016 Accounting Today's Best Accounting Firms to work for in the US and 2015 US Forensic Accounting Firm of the Year by <b>Lawyer</b> Monthly....,http://au.indeed.com/viewjob?jk=9ab1c3c9c18c27bd&qd=jRrx0GSHYhMzrHWTCmIiweDgVAXsLSGHCIKr00zX_aivxOAzxA0V_gj2BEWDdNfMBRP7CidhB21GgmUCRhwHjLGkpPtZ7hIHaXIolwjTbI4&indpubnum=898747077392090&atk=1bb5daj3k1d2v1ga,"indeed_clk(this,'787');",,,9ab1c3c9c18c27bd,False,False,False,Australia,30 days ago,,Accounting
,,,,,,,,,,College Intern - Software Developer,HP,,,SG,Singapore,HP,"Wed, 15 Feb 2017 12:34:48 GMT","If you are a College Intern ? <b>Software</b> <b>Developer</b> in Singapore, you will have a chance to work on the following projects:....",http://www.indeed.com.sg/viewjob?jk=69ba4319f7d76687&qd=jRrx0GSHYhMzrHWTCmIiwZKLKDVtVJCBI7BNmKYKCxjxOPGKDYFiCVn1klEslxaUAO6NPLzwvJC1-7omEyVnVSJ8VqdyAZvYZP4xD9_ReIckt0LCVy_rQinuMfW47e_m&indpubnum=898747077392090&atk=1bb5cefdi1fqr2kk,"indeed_clk(this,'9505');",,,69ba4319f7d76687,False,False,False,Singapore,26 days ago,,Information Technology
,,,,,,,,,,Director/ Partner Forensic Accounting - Toronto,RGL Forensics,Toronto,ON,CA,"Toronto, ON",RGL Forensics,"Sat, 11 Feb 2017 08:13:09 GMT",We were named 2016 Accounting Today's Best Accounting Firms to work for in the US and 2015 US Forensic Accounting Firm of the Year by <b>Lawyer</b> Monthly....,http://ca.indeed.com/viewjob?jk=29de6e6db5cbbcd5&qd=jRrx0GSHYhMzrHWTCmIiweDgVAXsLSGHCIKr00zX_aiKeX52xQqsPJunQRG4FoW4CVAylkDiUfn5nb_ArXSkSnXBcdDmIK3UhZVgwt-K7PQ&indpubnum=898747077392090&atk=1bb5d9h9ibqkifo0,"indeed_clk(this,'6161');",43.697803,-79.41209,29de6e6db5cbbcd5,False,False,False,"Toronto, ON",30 days ago,,Accounting
,,,,,,,,,,Application Lead-Processing Software Developer (Java) in Singapore (89486),GECO Asia Pte Ltd,,,SG,Singapore,Indeed,"Tue, 28 Feb 2017 05:01:17 GMT",Special / Application Lead - Processing <b>Software</b> <b>Developer</b> (Java) in Singapore. One of our clients is looking for a Application Lead - Processing <b>Software</b>...,http://www.indeed.com.sg/viewjob?jk=33506b1fdf76798f&qd=jRrx0GSHYhMzrHWTCmIiwZKLKDVtVJCBI7BNmKYKCxjxOPGKDYFiCVn1klEslxaUAO6NPLzwvJC1-7omEyVnVSJ8VqdyAZvYZP4xD9_ReIckt0LCVy_rQinuMfW47e_m&indpubnum=898747077392090&atk=1bb5cefdi1fqr2kk,"indeed_clk(this,'9505');",,,33506b1fdf76798f,False,False,True,Singapore,13 days ago,,Information Technology
,,,,,,,,,,Application Lead - Processing Software Developer (Java) in Singapore (89486),,Singapore,S00,SG,Singapore,Jobs Bank,"Tue, 28 Feb 2017 13:27:59 GMT",Special / Application Lead - Processing <b>Software</b> <b>Developer</b> (Java) in Singapore. One of our clients is looking for a Application Lead - Processing <b>Software</b>...,http://www.indeed.com.sg/viewjob?jk=0a1e590944f78457&qd=jRrx0GSHYhMzrHWTCmIiwZKLKDVtVJCBI7BNmKYKCxjxOPGKDYFiCVn1klEslxaUAO6NPLzwvJC1-7omEyVnVcF8UJ1p0xnXLFyxVxxT0PEkt0LCVy_rQinuMfW47e_m&indpubnum=898747077392090&atk=1bb5cel52b08ib19,"indeed_clk(this,'5377');",1.288462,103.84615,0a1e590944f78457,False,False,True,Singapore,13 days ago,,Information Technology
